trader_count,title,outcome,combined_value,avg_entry_price,current_price,event_url,trader_list
9,Strait of Hormuz traffic returns to normal by end of June?,Yes,344474.69,0.2837,0.225,https://polymarket.com/event/strait-of-hormuz-traffic-returns-to-normal-by-end-of-june,"wan123:$115,501; denizz:$30,927; Erasmus.:$90,971; BrightStars:$2,685; ScottyNooo:$1,208; tetrose:$38,204; Valen9:$30,486; Clicker1:$23,243; coali10:$11,250"
8,Will the Iranian regime fall by June 30?,No,1415158.89,0.8283,0.9975,https://polymarket.com/event/will-the-iranian-regime-fall-by-june-30,"wan123:$26,169; denizz:$25,578; Erasmus.:$163,719; BrightStars:$33,250; Wickier:$51,836; AML:$798,000; ScottyNooo:$105,226; Clicker1:$211,382"
8, Iran agrees to end enrichment of uranium by June 30?,Yes,301593.24,0.3903,0.525,https://polymarket.com/event/iran-agrees-to-end-enrichment-of-uranium-by-june-30,"wan123:$1,886; denizz:$166,231; aenews2:$3,106; Arbguy:$2,489; PatrocIus:$25,793; ScottyNooo:$48,323; tetrose:$4,421; Valen9:$49,344"
6,Will the Iranian regime fall before 2027?,No,726218.53,0.6968,0.905,https://polymarket.com/event/will-the-iranian-regime-fall-by-the-end-of-2026,"wan123:$96,920; denizz:$262,307; Erasmus.:$258,079; PatrocIus:$2,260; ScottyNooo:$47,857; Clicker1:$58,795"
6,Will the Republican Party control the House after the 2026 Midterm elections?,No,81755.17,0.672,0.8149,https://polymarket.com/event/which-party-will-win-the-house-in-2026,"Arbguy:$10,741; PatrocIus:$16,369; cigarettes:$3,215; donthackme:$793; ScottyNooo:$42,489; Valen9:$8,149"
5,Will the U.S. invade Iran before 2027?,No,412199.92,0.7176,0.875,https://polymarket.com/event/will-the-us-invade-iran-before-2027,"wan123:$19,523; denizz:$221,746; aenews2:$73,931; PatrocIus:$83,698; ScottyNooo:$13,301"
5,"Israel withdraws from Lebanon by June 30, 2026?",No,150373.59,0.911,0.967,https://polymarket.com/event/israel-withdraws-from-lebanon-by,"denizz:$106,487; Arbguy:$987; PatrocIus:$1,635; tetrose:$38,680; Valen9:$2,584"
5,"Israel x Iran permanent peace deal by June 30, 2026?",Yes,38795.85,0.0968,0.079,https://polymarket.com/event/israel-x-iran-permanent-peace-deal-by,"Arbguy:$7,916; PatrocIus:$4,196; ScottyNooo:$20,401; Valen9:$809; coali10:$5,474"
4,Will Keiko Fujimori win the 2026 Peruvian presidential election?,Yes,476125.16,0.9048,0.9855,https://polymarket.com/event/peru-presidential-election-winner,"aenews2:$134,745; ScottyNooo:$82,586; Valen9:$31,331; coali10:$227,464"
4,Will JD Vance win the 2028 US Presidential Election?,Yes,320459.71,0.4331,0.167,https://polymarket.com/event/presidential-election-winner-2028,"Arbguy:$81,830; BrightStars:$155,310; PatrocIus:$66,800; ScottyNooo:$16,520"
4,Will Spencer Pratt win the 2026 Los Angeles mayoral election?,No,122695.64,0.8712,0.9925,https://polymarket.com/event/los-angeles-mayoral-election-117,"wan123:$82,492; denizz:$26,795; aenews2:$10,483; Valen9:$2,925"
4,Will Iran close its airspace by June 30?,Yes,73970.25,0.8614,0.9995,https://polymarket.com/event/iran-closes-its-airspace-byptptpt-20260609184135829,"denizz:$7,535; BrightStars:$53,541; PatrocIus:$12,029; ScottyNooo:$866"
4,Strait of Hormuz traffic returns to normal by July 31?,Yes,71280.4,0.4349,0.545,https://polymarket.com/event/strait-of-hormuz-traffic-returns-to-normal-by-july-31,"Erasmus.:$29,860; aenews2:$62; BrightStars:$2,986; Clicker1:$38,372"
4,Will Portugal win the 2026 FIFA World Cup?,Yes,42852.96,0.0591,0.0805,https://polymarket.com/event/world-cup-winner,"0x2c335066FE58fe9237c3d3Dc7b275C2a034a0563-1759935795465:$38,896; cigarettes:$3,052; donthackme:$99; boyau:$805"
4,Will the Democratic Party control the House after the 2026 Midterm elections?,Yes,38007.29,0.8211,0.8149,https://polymarket.com/event/which-party-will-win-the-house-in-2026,"Arbguy:$669; PatrocIus:$12,321; ScottyNooo:$16,868; Valen9:$8,149"
4,Will Flávio Bolsonaro win the 2026 Brazilian presidential election?,Yes,22789.43,0.1845,0.2435,https://polymarket.com/event/brazil-presidential-election,"aenews2:$56; cigarettes:$2,480; donthackme:$440; ScottyNooo:$19,813"
4,"Israel x Hezbollah permanent peace deal by June 30, 2026?",Yes,4030.2,0.1566,0.156,https://polymarket.com/event/israel-x-hezbollah-permanent-peace-deal-by,"aenews2:$1,163; ScottyNooo:$774; Valen9:$1,970; coali10:$123"
3,Will JD Vance win the 2028 US Presidential Election?,No,1516060.0,0.5,0.833,https://polymarket.com/event/presidential-election-winner-2028,"Arbguy:$408,170; BrightStars:$774,690; PatrocIus:$333,200"
3,Will Rebecca Shepherd win the 2026 Makerfield by-election?,No,301042.14,0.9758,0.9955,https://polymarket.com/event/makerfield-by-election-winner,"0x2c335066FE58fe9237c3d3Dc7b275C2a034a0563-1759935795465:$254,615; donthackme:$884; Valen9:$45,544"
3,Will Czechia win on 2026-06-18?,Yes,213500.93,0.5263,0.515,https://polymarket.com/event/fifwc-cze-rsa-2026-06-18,"BreakTheBank:$51,803; swisstony:$158,093; RN1:$3,605"
3,Hantavirus pandemic in 2026?,No,167157.23,0.9138,0.9595,https://polymarket.com/event/hantavirus-pandemic-in-2026,"Erasmus.:$71,138; PatrocIus:$69; Clicker1:$95,950"
3,Will Spain win the 2026 FIFA World Cup?,Yes,114540.08,0.0606,0.1375,https://polymarket.com/event/world-cup-winner,"0x2c335066FE58fe9237c3d3Dc7b275C2a034a0563-1759935795465:$110,000; cigarettes:$4,424; donthackme:$116"
3,US obtains Iranian enriched uranium by December 31?,No,106086.41,0.7429,0.865,https://polymarket.com/event/us-obtains-iranian-enriched-uranium-by,"denizz:$41,244; PatrocIus:$57,129; ScottyNooo:$7,713"
3,Billionaire one-time wealth tax passes in California election 2026?,No,100849.58,0.625,0.82,https://polymarket.com/event/billionaire-one-time-wealth-tax-passes-in-california-election-2026,"wan123:$80,473; aenews2:$20,049; ScottyNooo:$328"
3,Will Reza Pahlavi enter Iran by December 31?,No,78476.8,0.7565,0.925,https://polymarket.com/event/will-reza-pahlavi-enter-iran-by-june-30,"wan123:$1,315; denizz:$66,335; PatrocIus:$10,827"
3,"Iran agrees to surrender enriched uranium stockpile by June 30, 2026?",No,58560.09,0.9571,0.9675,https://polymarket.com/event/iran-agrees-to-surrender-enriched-uranium-stockpile-by,"denizz:$44,231; PatrocIus:$9,492; Valen9:$4,838"
3,Will Trump agree to withdraw troops from the Iranian region by June 30?,Yes,56356.77,0.6128,0.745,https://polymarket.com/event/what-iranian-demands-will-trump-agree-to-by-june-30,"denizz:$26,734; Arbguy:$18,625; ScottyNooo:$10,997"
3,Will the text of the US-Iran agreement be released by June 16? ,No,53650.82,0.7437,0.9875,https://polymarket.com/event/us-iran-deal-text-released-byptptpt-20260615224044572,"denizz:$11,686; PatrocIus:$14,058; ScottyNooo:$27,907"
3,Will Nicolás Maduro be the leader of Venezuela end of 2026?,Yes,50517.53,0.5781,0.7445,https://polymarket.com/event/venezuela-leader-end-of-2026,"denizz:$48,074; PatrocIus:$945; ScottyNooo:$1,498"
3,Will J.D. Vance win the 2028 Republican presidential nomination?,Yes,47985.92,0.2762,0.3315,https://polymarket.com/event/republican-presidential-nominee-2028,"wan123:$21,640; donthackme:$78; ScottyNooo:$26,268"
3,Iran coup attempt by June 30?,No,47167.86,0.7793,0.9895,https://polymarket.com/event/iran-coup-attempt-by-june-30,"denizz:$36,236; PatrocIus:$10,415; ScottyNooo:$517"
3,"Iran agrees to surrender enriched uranium stockpile by July 31, 2026?",No,46548.16,0.9244,0.935,https://polymarket.com/event/iran-agrees-to-surrender-enriched-uranium-stockpile-by,"denizz:$37,706; PatrocIus:$4,096; Valen9:$4,746"
3,Will Germany win the 2026 FIFA World Cup?,Yes,45270.15,0.0166,0.0565,https://polymarket.com/event/world-cup-winner,"0x2c335066FE58fe9237c3d3Dc7b275C2a034a0563-1759935795465:$45,200; cigarettes:$38; donthackme:$32"
3,Will Mojtaba Khamenei be head of state in Iran end of 2026?,Yes,38808.35,0.5052,0.8465,https://polymarket.com/event/iran-leader-end-of-2026,"wan123:$931; denizz:$37,852; PatrocIus:$25"
3,Will Trump agree to Iranian transit fees in the Strait of Hormuz by June 30?,No,30972.08,0.857,0.943,https://polymarket.com/event/what-iranian-demands-will-trump-agree-to-by-june-30,"denizz:$18,374; ScottyNooo:$3,822; tetrose:$8,776"
3,Will the text of the US-Iran agreement be released by June 17?,Yes,29749.25,0.7198,0.9985,https://polymarket.com/event/us-iran-deal-text-released-byptptpt-20260615224044572,"denizz:$2,382; aenews2:$3,206; PatrocIus:$24,161"
3,Will Ecuador vs. Curaçao end in a draw?,No,25914.64,0.895,0.915,https://polymarket.com/event/fifwc-ecu-kor-2026-06-20,"swisstony:$7,023; RN1:$6,405; cigarettes:$12,487"
3,Iran leadership change by June 30?,No,22268.07,0.9358,0.9865,https://polymarket.com/event/iran-leadership-change-by,"denizz:$20,187; PatrocIus:$1,539; ScottyNooo:$543"
3,Boston Red Sox vs. New York Yankees,New York Yankees,17724.7,0.5066,0.535,https://polymarket.com/event/mlb-bos-nyy-2026-06-06,"0x2c335066FE58fe9237c3d3Dc7b275C2a034a0563-1759935795465:$14,828; RN1:$1,636; HomeRunHazard:$1,261"
3,Will Canada win on 2026-06-18?,No,10663.78,0.2401,0.235,https://polymarket.com/event/fifwc-can-qat-2026-06-18,"swisstony:$10,481; sbsigner:$30; donthackme:$152"
3,US strike on Cuba by December 31?,Yes,10550.08,0.4292,0.535,https://polymarket.com/event/us-strike-on-cuba-by,"wan123:$5,432; aenews2:$4,759; ScottyNooo:$359"
3, Iran agrees to end enrichment of uranium by December 31?,Yes,10397.78,0.4929,0.68,https://polymarket.com/event/iran-agrees-to-end-enrichment-of-uranium-by-december-31,"denizz:$5,063; PatrocIus:$408; ScottyNooo:$4,927"
3,Will the U.S. invade Cuba in 2026?,Yes,9882.94,0.222,0.225,https://polymarket.com/event/will-the-us-invade-cuba-in-2026,"wan123:$3,212; aenews2:$6,513; ScottyNooo:$158"
3,Will the Democratic Party control the Senate after the 2026 Midterm elections?,No,9372.13,0.3857,0.575,https://polymarket.com/event/which-party-will-win-the-senate-in-2026,"Arbguy:$7,358; cigarettes:$1,874; donthackme:$141"
3,Will James Fishback be the Republican nominee for Florida Governor?,No,9146.51,0.9006,0.935,https://polymarket.com/event/republican-nominee-for-florida-governor,"wan123:$2,824; aenews2:$6,252; cigarettes:$71"
3,Will Ecuador win the 2026 FIFA World Cup?,Yes,8239.13,0.013,0.0045,https://polymarket.com/event/world-cup-winner,"0x2c335066FE58fe9237c3d3Dc7b275C2a034a0563-1759935795465:$3,600; alwayslatetotheparty:$1,039; boyau:$3,600"
3,Will Senegal win the 2026 FIFA World Cup?,Yes,8056.17,0.0134,0.0065,https://polymarket.com/event/world-cup-winner,"0x2c335066FE58fe9237c3d3Dc7b275C2a034a0563-1759935795465:$5,200; alwayslatetotheparty:$581; boyau:$2,275"
3,Will Trump agree to Iranian enrichment of uranium by June 30?,Yes,7541.45,0.1529,0.1025,https://polymarket.com/event/what-iranian-demands-will-trump-agree-to-by-june-30,"denizz:$2,126; Arbguy:$4,412; ScottyNooo:$1,004"
3,Will the Democrats win the Maine Senate race in 2026?,No,7539.53,0.3225,0.36,https://polymarket.com/event/maine-senate-election-winner,"Arbguy:$6,404; cigarettes:$216; donthackme:$919"
3,Netanyahu out by end of 2026?,Yes,5807.4,0.4707,0.63,https://polymarket.com/event/netanyahu-out-before-2027,"wan123:$4,438; PatrocIus:$945; ScottyNooo:$424"
3,Will J.D. Vance attend the next US x Iran diplomatic meeting?,Yes,4888.34,0.3649,0.6274,https://polymarket.com/event/who-will-attend-the-next-us-x-iran-diplomatic-meeting,"wan123:$1,549; ScottyNooo:$3,169; tetrose:$170"
3,Will Turkiye win the 2026 FIFA World Cup?,Yes,4483.89,0.0151,0.0045,https://polymarket.com/event/world-cup-winner,"0x2c335066FE58fe9237c3d3Dc7b275C2a034a0563-1759935795465:$3,600; alwayslatetotheparty:$704; boyau:$180"
3,Strait of Hormuz traffic returns to normal by July 15?,Yes,4406.32,0.4566,0.395,https://polymarket.com/event/strait-of-hormuz-traffic-returns-to-normal-by-july-15,"denizz:$1,149; aenews2:$2,468; PatrocIus:$790"
3,Will South Korea win the 2026 FIFA World Cup?,Yes,4047.47,0.0119,0.0035,https://polymarket.com/event/world-cup-winner,"0x2c335066FE58fe9237c3d3Dc7b275C2a034a0563-1759935795465:$2,800; alwayslatetotheparty:$547; boyau:$700"
3,Will the next diplomatic US-Iran meeting be in Qatar?,Yes,3936.2,0.1439,0.1095,https://polymarket.com/event/where-will-the-next-us-iran-diplomatic-meeting-happen-455,"denizz:$1,992; donthackme:$38; ScottyNooo:$1,906"
3,Ukraine officially agrees to a US backed ceasefire framework by June 30?,No,3926.69,0.8254,0.929,https://polymarket.com/event/ukraine-officially-agrees-to-a-us-backed-ceasefire-framework-in-2025,"PatrocIus:$45; ScottyNooo:$3,689; tetrose:$194"
3,Will Nithya Raman win the 2026 Los Angeles mayoral election?,Yes,3898.95,0.258,0.381,https://polymarket.com/event/los-angeles-mayoral-election-117,"aenews2:$1,708; ScottyNooo:$1,572; coali10:$619"
3,Will Canada win the 2026 FIFA World Cup?,Yes,3464.95,0.0121,0.0025,https://polymarket.com/event/world-cup-winner,"0x2c335066FE58fe9237c3d3Dc7b275C2a034a0563-1759935795465:$2,000; alwayslatetotheparty:$1,225; boyau:$240"
3,"Iran agrees to surrender enriched uranium stockpile by June 30, 2026?",Yes,3387.73,0.1941,0.0325,https://polymarket.com/event/iran-agrees-to-surrender-enriched-uranium-stockpile-by,"wan123:$1,636; Arbguy:$692; ScottyNooo:$1,060"
3,Will Scotland win the 2026 FIFA World Cup?,Yes,3204.71,0.0121,0.0025,https://polymarket.com/event/world-cup-winner,"0x2c335066FE58fe9237c3d3Dc7b275C2a034a0563-1759935795465:$2,000; alwayslatetotheparty:$955; boyau:$250"
3,Will Egypt win the 2026 FIFA World Cup?,Yes,2702.29,0.0117,0.0025,https://polymarket.com/event/world-cup-winner,"0x2c335066FE58fe9237c3d3Dc7b275C2a034a0563-1759935795465:$2,000; alwayslatetotheparty:$577; boyau:$125"
3,Will Trump agree to withdraw troops from the Iranian region by June 30?,No,2660.2,0.3299,0.255,https://polymarket.com/event/what-iranian-demands-will-trump-agree-to-by-june-30,"aenews2:$1,698; PatrocIus:$911; ScottyNooo:$51"
3,Will there be another US government shutdown by January 31 and will the Republican Party win the House in 2026?,No,2575.51,0.5514,0.8179,https://polymarket.com/event/another-us-government-shutdown-house-winner-2026,"cigarettes:$43; donthackme:$314; ScottyNooo:$2,218"
3,Will Switzerland win on 2026-06-18?,No,2558.5,0.3711,0.375,https://polymarket.com/event/fifwc-che-bih-2026-06-18,"swisstony:$1,701; RN1:$218; sbsigner:$640"
3,Will Marco Rubio win the 2028 US Presidential Election?,Yes,1649.44,0.0359,0.1565,https://polymarket.com/event/presidential-election-winner-2028,"alwayslatetotheparty:$237; donthackme:$27; ScottyNooo:$1,385"
3,"Will no qualifying diplomatic US-Iran meeting occur by June 30, 2026?",No,1352.84,0.824,0.79,https://polymarket.com/event/where-will-the-next-us-iran-diplomatic-meeting-happen-455,"cigarettes:$47; ScottyNooo:$79; Valen9:$1,226"
3,"Will no qualifying diplomatic US-Iran meeting occur by June 30, 2026?",Yes,985.41,0.1406,0.21,https://polymarket.com/event/where-will-the-next-us-iran-diplomatic-meeting-happen-455,PatrocIus:$288; donthackme:$581; ScottyNooo:$116
3,Will the next diplomatic US-Iran meeting be in Switzerland?,No,883.93,0.1991,0.4595,https://polymarket.com/event/where-will-the-next-us-iran-diplomatic-meeting-happen-455,donthackme:$236; ScottyNooo:$148; tetrose:$500
3,Will Canada win Group B in the 2026 FIFA World Cup?,Yes,595.5,0.2604,0.3449,https://polymarket.com/event/world-cup-group-b-winner,cigarettes:$139; donthackme:$25; boyau:$431
3,Will Czechia win the 2026 FIFA World Cup?,Yes,526.62,0.0119,0.0005,https://polymarket.com/event/world-cup-winner,0x2c335066FE58fe9237c3d3Dc7b275C2a034a0563-1759935795465:$400; alwayslatetotheparty:$27; boyau:$100
3,Will Renan Santos win the 2026 Brazilian presidential election?,Yes,477.81,0.0607,0.152,https://polymarket.com/event/brazil-presidential-election,cigarettes:$226; donthackme:$83; ScottyNooo:$169
3,Will Benjamin Netanyahu be the next Prime Minister of Israel?,Yes,377.15,0.242,0.335,https://polymarket.com/event/who-will-be-the-next-prime-minister-of-israel-after-the-next-election,cigarettes:$181; donthackme:$146; ScottyNooo:$50
